{"name":{"0":"Maria","1":"Spongebob","2":"Jason"},"height":{"0":1.67,"1":1.0,"2":1.8},"weight":{"0":54,"1":1,"2":80},"bmi":{"0":19.3624726595,"1":1.0,"2":24.6913580247}}