name,height,weight,bmi
Maria,1.67,54,19.362472659471475
Spongebob,1.0,1,1.0
Jason,1.8,80,24.691358024691358
